epoch,time,train/box_loss,train/cls_loss,train/dfl_loss,metrics/precision(B),metrics/recall(B),metrics/mAP50(B),metrics/mAP50-95(B),val/box_loss,val/cls_loss,val/dfl_loss,lr/pg0,lr/pg1,lr/pg2
1,26.6019,1.12267,3.98354,1.15199,0.00666,0.29444,0.07644,0.0604,0.77619,4.1287,0.90992,5e-05,5e-05,5e-05
2,50.4748,0.97083,3.57157,1.01685,0.02699,0.31111,0.14582,0.13611,0.70921,4.0356,0.84411,0.000109782,0.000109782,0.000109782
3,74.3119,0.83235,2.3605,0.9666,0.94677,0.16667,0.16715,0.15644,0.71736,3.80992,0.8378,0.000169327,0.000169327,0.000169327
4,97.9238,0.75338,1.60094,0.93721,1,0.1406,0.18623,0.17437,0.72729,3.62117,0.83724,0.000228634,0.000228634,0.000228634
5,121.444,0.70479,1.34369,0.92365,1,0.12675,0.27068,0.25402,0.78293,3.59199,0.84054,0.000287703,0.000287703,0.000287703
6,145.174,0.73085,1.21375,0.91392,0.13988,0.37222,0.23274,0.22122,0.72321,3.55448,0.84155,0.000346535,0.000346535,0.000346535
7,168.861,0.73906,1.07378,0.91712,0.15499,0.4,0.2995,0.27086,0.69592,3.48964,0.83801,0.000405129,0.000405129,0.000405129
8,192.888,0.71735,0.95552,0.89973,0.17378,0.63889,0.45926,0.39921,0.69346,3.32501,0.83407,0.000463486,0.000463486,0.000463486
9,217.136,0.7186,0.9289,0.89698,0.98725,0.16667,0.44529,0.37695,0.72563,3.3382,0.82586,0.000521605,0.000521605,0.000521605
10,241.439,0.68693,0.90214,0.89994,0.98688,0.16667,0.5429,0.46417,0.68972,3.13738,0.82907,0.000579486,0.000579486,0.000579486
11,267.569,0.70037,0.86198,0.92695,0.98636,0.16667,0.6832,0.58478,0.63816,2.89167,0.81581,0.00063713,0.00063713,0.00063713
12,293.271,0.68284,0.78238,0.88465,0.98905,0.16667,0.74984,0.6286,0.69668,2.63524,0.81978,0.000694536,0.000694536,0.000694536
13,318.544,0.68187,0.78038,0.87834,0.98871,0.21161,0.83029,0.69185,0.68219,2.54111,0.82013,0.000751705,0.000751705,0.000751705
14,342.76,0.67731,0.77374,0.87876,0.99117,0.3157,0.90667,0.72577,0.76834,2.40683,0.8395,0.000808636,0.000808636,0.000808636
15,366.588,0.67991,0.76505,0.89825,0.987,0.36504,0.905,0.73888,0.72322,2.13298,0.82577,0.000865329,0.000865329,0.000865329
16,390.643,0.63551,0.71878,0.88593,0.97561,0.69998,0.94,0.77209,0.68118,1.6604,0.82174,0.000921785,0.000921785,0.000921785
17,414.586,0.66208,0.74454,0.8913,0.96513,0.78822,0.995,0.81987,0.67834,1.59868,0.81793,0.00096832,0.00096832,0.00096832
18,438.587,0.64434,0.71558,0.87476,0.92188,0.93433,0.995,0.80924,0.6687,1.38052,0.81737,0.00096634,0.00096634,0.00096634
19,462.658,0.62989,0.70095,0.88539,0.93126,0.93041,0.995,0.82481,0.64158,1.19833,0.81129,0.00096436,0.00096436,0.00096436
20,486.649,0.59808,0.66086,0.8658,0.89398,0.91079,0.995,0.81969,0.63844,1.13398,0.80789,0.00096238,0.00096238,0.00096238
21,510.519,0.63879,0.67113,0.87067,0.89,0.82164,0.995,0.8295,0.64496,1.11502,0.8087,0.0009604,0.0009604,0.0009604
22,534.29,0.63677,0.67773,0.87876,0.9246,0.90383,0.99348,0.81224,0.6444,0.95798,0.81788,0.00095842,0.00095842,0.00095842
23,558.19,0.60717,0.65261,0.86375,0.96307,0.97449,0.99222,0.80959,0.64674,0.86348,0.82449,0.00095644,0.00095644,0.00095644
24,582.828,0.61431,0.65191,0.87089,0.90551,0.96432,0.99222,0.81694,0.64215,0.86528,0.81409,0.00095446,0.00095446,0.00095446
25,607.309,0.61318,0.62463,0.86582,0.92083,0.98106,0.99222,0.81659,0.63647,0.7811,0.81392,0.00095248,0.00095248,0.00095248
26,634.747,0.61734,0.62147,0.87591,0.95314,0.9806,0.99222,0.81229,0.60708,0.73753,0.81374,0.0009505,0.0009505,0.0009505
27,664.788,0.62638,0.64468,0.89081,0.94452,0.98091,0.99222,0.83207,0.5783,0.74216,0.80736,0.00094852,0.00094852,0.00094852
28,692.619,0.62104,0.63737,0.87503,0.94947,0.98333,0.99222,0.82644,0.6033,0.73556,0.80986,0.00094654,0.00094654,0.00094654
29,721.084,0.63479,0.62895,0.87646,0.97339,0.98333,0.99348,0.81608,0.62865,0.65264,0.81456,0.00094456,0.00094456,0.00094456
30,747.147,0.6215,0.58897,0.85987,0.98244,0.98333,0.99348,0.79714,0.60879,0.60536,0.8097,0.00094258,0.00094258,0.00094258
31,771.429,0.60294,0.56529,0.85464,0.98375,0.98048,0.99348,0.80002,0.59623,0.61386,0.80701,0.0009406,0.0009406,0.0009406
32,795.993,0.58005,0.56777,0.86984,0.95807,0.98333,0.99348,0.79579,0.6285,0.63311,0.8097,0.00093862,0.00093862,0.00093862
33,819.95,0.59048,0.57254,0.87083,0.96686,0.98333,0.99348,0.82215,0.59707,0.6282,0.80879,0.00093664,0.00093664,0.00093664
34,843.618,0.5671,0.55491,0.86161,0.9852,0.97894,0.99222,0.82954,0.58458,0.61201,0.8029,0.00093466,0.00093466,0.00093466
35,867.502,0.59307,0.5744,0.88826,0.9767,0.98333,0.99222,0.82745,0.57736,0.59558,0.79845,0.00093268,0.00093268,0.00093268
36,891.082,0.55862,0.54933,0.86727,0.98188,0.98333,0.99348,0.83677,0.56684,0.65359,0.79936,0.0009307,0.0009307,0.0009307
37,914.615,0.58647,0.55893,0.86215,0.96718,0.98124,0.99348,0.82745,0.56664,0.66147,0.79943,0.00092872,0.00092872,0.00092872
38,938.196,0.56374,0.53831,0.86504,0.96044,0.97281,0.99348,0.81444,0.56427,0.59614,0.79774,0.00092674,0.00092674,0.00092674
39,962.249,0.59207,0.55203,0.8703,0.95917,0.97759,0.995,0.8174,0.57873,0.59389,0.79967,0.00092476,0.00092476,0.00092476
40,985.919,0.57418,0.54378,0.86775,0.96036,0.97604,0.995,0.82173,0.57012,0.61786,0.79746,0.00092278,0.00092278,0.00092278
41,1009.87,0.53412,0.52724,0.84303,0.94592,0.98785,0.995,0.84005,0.5495,0.59424,0.79187,0.0009208,0.0009208,0.0009208
42,1033.58,0.56897,0.526,0.87075,0.96548,0.98825,0.995,0.8342,0.55666,0.53096,0.79166,0.00091882,0.00091882,0.00091882
43,1057.23,0.58133,0.5471,0.89635,0.97089,0.98592,0.995,0.81882,0.55958,0.50713,0.79168,0.00091684,0.00091684,0.00091684
44,1080.89,0.58569,0.5258,0.86937,0.9605,0.96918,0.99348,0.82657,0.5582,0.56406,0.79065,0.00091486,0.00091486,0.00091486
45,1104.67,0.55296,0.53602,0.85238,0.9711,0.97117,0.99348,0.81648,0.58828,0.54448,0.79553,0.00091288,0.00091288,0.00091288
46,1128.27,0.57019,0.52708,0.87276,0.97181,0.99084,0.995,0.82445,0.58989,0.54238,0.8028,0.0009109,0.0009109,0.0009109
47,1151.94,0.56127,0.52139,0.87226,0.96658,0.98769,0.995,0.82511,0.62756,0.55914,0.80395,0.00090892,0.00090892,0.00090892
48,1175.42,0.55714,0.50746,0.85478,0.96561,0.98358,0.995,0.83835,0.59272,0.58353,0.80137,0.00090694,0.00090694,0.00090694
49,1198.99,0.52167,0.5105,0.8577,0.97987,0.98566,0.995,0.84639,0.59331,0.54757,0.796,0.00090496,0.00090496,0.00090496
50,1222.62,0.5658,0.50891,0.86847,0.97671,0.98333,0.99348,0.83725,0.57909,0.53497,0.79787,0.00090298,0.00090298,0.00090298
51,1246.3,0.55282,0.49981,0.856,0.97481,0.9803,0.99348,0.83716,0.57063,0.53458,0.79837,0.000901,0.000901,0.000901
52,1269.99,0.54169,0.49181,0.85593,0.97838,0.98333,0.99348,0.83526,0.53083,0.50868,0.78857,0.00089902,0.00089902,0.00089902
53,1293.68,0.54266,0.48899,0.86021,0.98331,0.98333,0.99348,0.83536,0.56765,0.51225,0.79365,0.00089704,0.00089704,0.00089704
54,1317.16,0.56765,0.52736,0.88601,0.97924,0.98451,0.995,0.84229,0.55495,0.50748,0.79316,0.00089506,0.00089506,0.00089506
55,1342.17,0.51643,0.48225,0.83599,0.97529,0.98682,0.995,0.8488,0.55732,0.49484,0.79568,0.00089308,0.00089308,0.00089308
56,1365.96,0.53166,0.48777,0.84846,0.96988,0.99306,0.995,0.84853,0.53233,0.47305,0.79364,0.0008911,0.0008911,0.0008911
57,1390.1,0.52116,0.46248,0.83979,0.97591,0.98297,0.995,0.8532,0.52828,0.47704,0.79106,0.00088912,0.00088912,0.00088912
58,1414.83,0.54988,0.50792,0.87451,0.9691,0.97201,0.995,0.84941,0.5377,0.51539,0.7904,0.00088714,0.00088714,0.00088714
59,1439.69,0.51605,0.47645,0.8635,0.95702,0.98892,0.995,0.85181,0.55986,0.51091,0.79169,0.00088516,0.00088516,0.00088516
60,1464.25,0.52688,0.46884,0.84521,0.97954,0.98988,0.995,0.85996,0.56788,0.48962,0.81393,0.00088318,0.00088318,0.00088318
61,1488.88,0.5282,0.47367,0.84853,0.98027,0.99633,0.995,0.83919,0.56809,0.49282,0.81986,0.0008812,0.0008812,0.0008812
62,1513.98,0.54748,0.47991,0.86478,0.9627,0.98375,0.995,0.84335,0.57743,0.50172,0.83175,0.00087922,0.00087922,0.00087922
63,1538.97,0.55056,0.48319,0.88053,0.96243,0.97169,0.995,0.84548,0.59153,0.506,0.83607,0.00087724,0.00087724,0.00087724
64,1564.56,0.54457,0.47478,0.83432,0.96383,0.9837,0.995,0.83505,0.61204,0.51491,0.80635,0.00087526,0.00087526,0.00087526
65,1588.49,0.52409,0.45561,0.84752,0.9738,0.98714,0.995,0.83806,0.56875,0.48184,0.79495,0.00087328,0.00087328,0.00087328
66,1612.31,0.52106,0.4463,0.85254,0.96202,1,0.995,0.85103,0.55954,0.46996,0.79186,0.0008713,0.0008713,0.0008713
67,1636.18,0.52887,0.46,0.86771,0.98103,0.9934,0.995,0.85479,0.548,0.45078,0.7905,0.00086932,0.00086932,0.00086932
68,1659.82,0.50605,0.45231,0.83799,0.95618,0.99787,0.995,0.85839,0.52256,0.44994,0.7861,0.00086734,0.00086734,0.00086734
69,1683.51,0.52602,0.43917,0.85061,0.95593,0.98927,0.995,0.83392,0.55366,0.46259,0.79268,0.00086536,0.00086536,0.00086536
70,1707.25,0.52713,0.47462,0.85448,0.98215,0.9814,0.995,0.83168,0.58696,0.47069,0.79584,0.00086338,0.00086338,0.00086338
71,1731.54,0.54144,0.46895,0.86721,0.98259,0.98422,0.995,0.83859,0.5702,0.45993,0.79362,0.0008614,0.0008614,0.0008614
72,1757.36,0.51451,0.44094,0.84736,0.98146,0.98785,0.995,0.83262,0.56244,0.43552,0.80009,0.00085942,0.00085942,0.00085942
73,1781.21,0.49626,0.44256,0.85578,0.98137,0.97898,0.995,0.83601,0.56217,0.44252,0.80032,0.00085744,0.00085744,0.00085744
74,1805.02,0.49718,0.42893,0.83799,0.96811,0.98785,0.995,0.83782,0.5889,0.43912,0.80369,0.00085546,0.00085546,0.00085546
75,1828.68,0.50051,0.43492,0.84346,0.97326,0.97536,0.995,0.84805,0.57742,0.43886,0.80447,0.00085348,0.00085348,0.00085348
76,1852.43,0.51203,0.43051,0.84729,0.97002,0.97598,0.995,0.83287,0.57216,0.43826,0.80176,0.0008515,0.0008515,0.0008515
77,1876.17,0.52796,0.45461,0.85825,0.97373,0.98433,0.995,0.84069,0.57199,0.44562,0.7978,0.00084952,0.00084952,0.00084952
78,1899.86,0.49078,0.41611,0.84426,0.9761,0.99156,0.995,0.83595,0.5875,0.4479,0.79787,0.00084754,0.00084754,0.00084754
79,1923.66,0.49571,0.41114,0.84174,0.96079,0.99496,0.995,0.84026,0.58294,0.45388,0.79812,0.00084556,0.00084556,0.00084556
80,1949.14,0.51225,0.42222,0.83971,0.96352,0.99571,0.995,0.84253,0.5576,0.4435,0.7927,0.00084358,0.00084358,0.00084358
81,1973.99,0.51111,0.43553,0.8547,0.97146,0.98484,0.995,0.84108,0.56023,0.43954,0.79007,0.0008416,0.0008416,0.0008416
82,1998.8,0.49425,0.40936,0.83348,0.97168,0.98565,0.995,0.84539,0.58804,0.44047,0.79738,0.00083962,0.00083962,0.00083962
83,2024.31,0.50256,0.41439,0.85773,0.97352,0.98487,0.995,0.84564,0.58493,0.43365,0.79501,0.00083764,0.00083764,0.00083764
84,2049.14,0.49356,0.40911,0.85017,0.97233,0.98225,0.995,0.85048,0.5605,0.40695,0.79289,0.00083566,0.00083566,0.00083566
85,2073.77,0.49317,0.41726,0.85112,0.9724,0.98349,0.995,0.85951,0.54148,0.41624,0.78994,0.00083368,0.00083368,0.00083368
86,2098.37,0.50106,0.42377,0.85075,0.97138,0.98851,0.995,0.85797,0.55263,0.4246,0.78875,0.0008317,0.0008317,0.0008317
87,2123.4,0.49438,0.41523,0.84793,0.98276,0.98488,0.995,0.84957,0.5669,0.4164,0.79593,0.00082972,0.00082972,0.00082972
88,2148.46,0.51826,0.41674,0.86875,0.94834,0.98752,0.995,0.84824,0.56117,0.43136,0.7948,0.00082774,0.00082774,0.00082774
89,2174.15,0.49703,0.39234,0.83598,0.95597,0.99449,0.995,0.85111,0.56427,0.43236,0.79497,0.00082576,0.00082576,0.00082576
90,2199.71,0.48753,0.39465,0.84464,0.96284,0.97856,0.995,0.84089,0.57003,0.41711,0.79568,0.00082378,0.00082378,0.00082378
91,2224.03,0.4979,0.40841,0.8459,0.96526,0.97954,0.995,0.83703,0.58873,0.41331,0.79753,0.0008218,0.0008218,0.0008218
92,2247.94,0.51952,0.41681,0.86104,0.95951,0.9793,0.995,0.84728,0.5836,0.40774,0.79473,0.00081982,0.00081982,0.00081982
93,2273.99,0.48305,0.39381,0.83938,0.9586,0.98189,0.995,0.85792,0.56557,0.40526,0.79243,0.00081784,0.00081784,0.00081784
94,2299.94,0.49176,0.39465,0.84779,0.98363,0.986,0.995,0.85147,0.56772,0.39661,0.79682,0.00081586,0.00081586,0.00081586
95,2326.05,0.51939,0.42219,0.86589,0.98763,0.98748,0.995,0.84603,0.57404,0.40162,0.79986,0.00081388,0.00081388,0.00081388
96,2354.83,0.47109,0.38436,0.83543,0.98241,0.98748,0.995,0.85403,0.57287,0.40469,0.7976,0.0008119,0.0008119,0.0008119
97,2381.17,0.48692,0.3931,0.84647,0.97534,0.99288,0.995,0.85232,0.56806,0.39073,0.79977,0.00080992,0.00080992,0.00080992
98,2406.35,0.48546,0.38118,0.83331,0.9713,0.99624,0.995,0.83795,0.59478,0.39328,0.80765,0.00080794,0.00080794,0.00080794
99,2431.03,0.49442,0.38227,0.84183,0.97647,0.99114,0.995,0.82491,0.57964,0.39563,0.80177,0.00080596,0.00080596,0.00080596
100,2456.21,0.48634,0.3841,0.83126,0.9698,0.9914,0.995,0.84061,0.56048,0.39644,0.79756,0.00080398,0.00080398,0.00080398
101,2482.56,0.49465,0.39745,0.85228,0.9702,0.98589,0.995,0.83974,0.57201,0.40329,0.80035,0.000802,0.000802,0.000802
102,2507.46,0.46562,0.37203,0.84338,0.9728,0.98974,0.995,0.83603,0.58873,0.41394,0.80522,0.00080002,0.00080002,0.00080002
103,2532.4,0.46201,0.37875,0.84518,0.98005,0.98559,0.995,0.83278,0.57965,0.41845,0.80545,0.00079804,0.00079804,0.00079804
104,2557.22,0.51312,0.41026,0.86262,0.98312,0.98704,0.995,0.84229,0.58266,0.42031,0.80212,0.00079606,0.00079606,0.00079606
105,2582.31,0.49077,0.3877,0.83928,0.98492,0.98381,0.995,0.83694,0.58672,0.42863,0.79877,0.00079408,0.00079408,0.00079408
106,2607.41,0.48928,0.39188,0.8469,0.9846,0.98507,0.995,0.85552,0.57191,0.40381,0.79348,0.0007921,0.0007921,0.0007921
107,2632.2,0.48054,0.37273,0.83765,0.98701,0.98658,0.995,0.85381,0.57651,0.39961,0.79244,0.00079012,0.00079012,0.00079012
108,2658.1,0.4878,0.38296,0.83145,0.97463,0.98665,0.995,0.83906,0.58245,0.38122,0.79151,0.00078814,0.00078814,0.00078814
109,2684.65,0.47953,0.37159,0.83885,0.97357,0.98699,0.995,0.8335,0.58467,0.37865,0.79276,0.00078616,0.00078616,0.00078616
110,2711.75,0.47315,0.37649,0.84344,0.97533,0.9971,0.995,0.85024,0.57645,0.3873,0.79228,0.00078418,0.00078418,0.00078418
111,2735.67,0.47637,0.37707,0.8367,0.97878,0.99592,0.995,0.84385,0.58055,0.3901,0.79246,0.0007822,0.0007822,0.0007822
112,2760.67,0.48146,0.38203,0.84351,0.98369,0.98813,0.995,0.83524,0.57551,0.38588,0.79504,0.00078022,0.00078022,0.00078022
113,2785.73,0.45669,0.35782,0.84141,0.98145,0.98776,0.995,0.84556,0.55433,0.37289,0.79236,0.00077824,0.00077824,0.00077824
114,2811.22,0.50023,0.38247,0.84972,0.98589,0.98641,0.995,0.84563,0.55427,0.36659,0.7893,0.00077626,0.00077626,0.00077626
115,2839.4,0.47237,0.37307,0.8306,0.98348,0.98639,0.995,0.83946,0.56001,0.36647,0.79051,0.00077428,0.00077428,0.00077428
116,2865.89,0.48439,0.37616,0.85398,0.98116,0.99563,0.995,0.86022,0.55091,0.36294,0.79047,0.0007723,0.0007723,0.0007723
117,2891.48,0.48598,0.36484,0.84627,0.98157,0.99695,0.995,0.85014,0.57233,0.36456,0.79204,0.00077032,0.00077032,0.00077032
118,2917.09,0.47225,0.36297,0.82892,0.97157,0.99766,0.995,0.85039,0.58475,0.38224,0.79643,0.00076834,0.00076834,0.00076834
119,2942.83,0.4681,0.36127,0.83925,0.9719,0.99509,0.995,0.85355,0.55908,0.36533,0.79707,0.00076636,0.00076636,0.00076636
120,2969,0.4798,0.3586,0.84062,0.97555,0.9963,0.995,0.8619,0.54839,0.35117,0.79455,0.00076438,0.00076438,0.00076438
121,2994.75,0.47397,0.35694,0.8356,0.97736,0.9934,0.995,0.85439,0.55169,0.35279,0.79339,0.0007624,0.0007624,0.0007624
122,3020.22,0.4709,0.36072,0.85726,0.97307,0.99183,0.995,0.85973,0.55508,0.36823,0.79459,0.00076042,0.00076042,0.00076042
123,3045.72,0.47321,0.36365,0.84557,0.96242,0.99566,0.995,0.85944,0.5513,0.37065,0.79316,0.00075844,0.00075844,0.00075844
124,3071.33,0.46458,0.36863,0.83854,0.96959,0.99803,0.995,0.8573,0.5712,0.36366,0.79706,0.00075646,0.00075646,0.00075646
125,3096.93,0.47314,0.36458,0.83526,0.97969,0.9972,0.995,0.8446,0.56561,0.36558,0.79827,0.00075448,0.00075448,0.00075448
126,3124.26,0.4611,0.35523,0.83107,0.98335,0.99804,0.995,0.84827,0.56449,0.35731,0.79695,0.0007525,0.0007525,0.0007525
127,3151.03,0.4502,0.3591,0.84668,0.97728,0.99623,0.995,0.8421,0.56787,0.36622,0.79667,0.00075052,0.00075052,0.00075052
128,3176.92,0.43778,0.35646,0.83546,0.97802,0.99819,0.995,0.86241,0.54218,0.35665,0.79552,0.00074854,0.00074854,0.00074854
129,3203.27,0.4646,0.35436,0.84431,0.98442,0.9974,0.995,0.86116,0.5418,0.34735,0.79634,0.00074656,0.00074656,0.00074656
130,3230.31,0.45177,0.3423,0.83423,0.98802,1,0.995,0.86145,0.56184,0.34189,0.79623,0.00074458,0.00074458,0.00074458
131,3258.66,0.46419,0.35094,0.8364,0.98996,1,0.995,0.85758,0.55587,0.34092,0.7943,0.0007426,0.0007426,0.0007426
132,3285.78,0.45517,0.3463,0.86921,0.97893,1,0.995,0.85995,0.53699,0.34455,0.79366,0.00074062,0.00074062,0.00074062
133,3311.81,0.45133,0.3511,0.84339,0.98149,1,0.995,0.85721,0.53973,0.34766,0.79381,0.00073864,0.00073864,0.00073864
134,3337.46,0.47438,0.34751,0.85006,0.98456,1,0.995,0.87213,0.52009,0.34258,0.7885,0.00073666,0.00073666,0.00073666
135,3362.81,0.45278,0.34854,0.84189,0.985,1,0.995,0.8744,0.50837,0.3362,0.7873,0.00073468,0.00073468,0.00073468
136,3388.04,0.45985,0.34474,0.83218,0.97136,0.9972,0.995,0.85927,0.52374,0.33515,0.79093,0.0007327,0.0007327,0.0007327
137,3413.48,0.46679,0.33326,0.83117,0.96203,0.99666,0.995,0.85716,0.53422,0.34196,0.7923,0.00073072,0.00073072,0.00073072
138,3439.22,0.44284,0.34407,0.84261,0.97499,1,0.995,0.85897,0.54031,0.3472,0.79141,0.00072874,0.00072874,0.00072874
139,3464.48,0.46082,0.35583,0.85083,0.9845,1,0.995,0.86103,0.54258,0.34177,0.79238,0.00072676,0.00072676,0.00072676
140,3489.57,0.44687,0.33987,0.85892,0.98939,1,0.995,0.85088,0.5493,0.34178,0.79504,0.00072478,0.00072478,0.00072478
141,3514.83,0.43439,0.33033,0.82763,0.98739,1,0.995,0.85403,0.54949,0.34321,0.79367,0.0007228,0.0007228,0.0007228
142,3540.47,0.46127,0.34369,0.85814,0.96662,0.99413,0.995,0.86446,0.56069,0.34463,0.79495,0.00072082,0.00072082,0.00072082
143,3566.13,0.4717,0.35851,0.8582,0.97025,0.98948,0.995,0.86176,0.55733,0.35462,0.79689,0.00071884,0.00071884,0.00071884
144,3591.64,0.44702,0.3519,0.83517,0.98952,1,0.995,0.86078,0.55335,0.35476,0.7941,0.00071686,0.00071686,0.00071686
145,3617.66,0.4449,0.33308,0.83335,0.98941,1,0.995,0.8595,0.55368,0.35098,0.79233,0.00071488,0.00071488,0.00071488
146,3644.51,0.44966,0.32837,0.83323,0.98908,1,0.995,0.85481,0.5553,0.35096,0.79273,0.0007129,0.0007129,0.0007129
147,3671.06,0.42797,0.33115,0.82834,0.98281,1,0.995,0.86167,0.5498,0.34603,0.79392,0.00071092,0.00071092,0.00071092
148,3696.91,0.4605,0.34113,0.84282,0.97908,0.99439,0.995,0.86349,0.53669,0.34149,0.78912,0.00070894,0.00070894,0.00070894
149,3722.59,0.4645,0.35562,0.84832,0.98168,0.99423,0.995,0.87851,0.5309,0.34422,0.78903,0.00070696,0.00070696,0.00070696
150,3748.3,0.43767,0.33185,0.82545,0.98582,1,0.995,0.86753,0.54434,0.35035,0.7926,0.00070498,0.00070498,0.00070498
151,3773.77,0.48413,0.34458,0.85098,0.98874,1,0.995,0.85995,0.54213,0.34685,0.79119,0.000703,0.000703,0.000703
152,3799.09,0.45079,0.33738,0.84102,0.98608,1,0.995,0.84925,0.54721,0.32797,0.79158,0.00070102,0.00070102,0.00070102
153,3824.67,0.44319,0.32925,0.82608,0.9843,1,0.995,0.85085,0.54014,0.3253,0.79176,0.00069904,0.00069904,0.00069904
154,3850.36,0.45282,0.33334,0.83796,0.96804,0.99591,0.995,0.86467,0.52244,0.32572,0.78822,0.00069706,0.00069706,0.00069706
155,3875.89,0.43202,0.32562,0.84171,0.96281,0.99629,0.995,0.85941,0.51959,0.32672,0.78732,0.00069508,0.00069508,0.00069508
156,3901.64,0.44132,0.32621,0.82851,0.96662,0.99923,0.995,0.86314,0.51797,0.32924,0.78807,0.0006931,0.0006931,0.0006931
157,3927.62,0.42599,0.32593,0.83327,0.96894,1,0.995,0.85039,0.53011,0.33773,0.79092,0.00069112,0.00069112,0.00069112
158,3953.39,0.44336,0.33233,0.84331,0.97396,1,0.995,0.84347,0.56339,0.33906,0.80042,0.00068914,0.00068914,0.00068914
159,3985,0.42225,0.31468,0.83178,0.97309,1,0.995,0.84358,0.56218,0.33653,0.79569,0.00068716,0.00068716,0.00068716
160,4011.38,0.4359,0.31997,0.83894,0.97355,0.9948,0.995,0.85209,0.52555,0.319,0.78912,0.00068518,0.00068518,0.00068518
161,4036.49,0.43069,0.31442,0.8251,0.97584,0.99458,0.995,0.84681,0.5281,0.32468,0.78883,0.0006832,0.0006832,0.0006832
162,4063.3,0.43737,0.31538,0.83341,0.97459,0.99453,0.995,0.85848,0.52542,0.31157,0.78665,0.00068122,0.00068122,0.00068122
163,4088.43,0.46737,0.34147,0.84203,0.97237,0.9939,0.995,0.85749,0.52076,0.31753,0.78534,0.00067924,0.00067924,0.00067924
164,4117.82,0.43056,0.32084,0.82809,0.97999,0.99632,0.995,0.86893,0.51245,0.3306,0.78104,0.00067726,0.00067726,0.00067726
165,4143.7,0.44228,0.33103,0.839,0.9799,0.99963,0.995,0.87478,0.52405,0.33061,0.78208,0.00067528,0.00067528,0.00067528
166,4169.94,0.44689,0.32174,0.8443,0.97902,0.98362,0.995,0.85599,0.50119,0.30677,0.78134,0.0006733,0.0006733,0.0006733
167,4196.15,0.45464,0.32714,0.85633,0.97244,0.99285,0.995,0.86884,0.49352,0.30189,0.78257,0.00067132,0.00067132,0.00067132
168,4221.82,0.44246,0.3235,0.83093,0.9809,0.99952,0.995,0.86143,0.51504,0.30737,0.78788,0.00066934,0.00066934,0.00066934
169,4248.36,0.43463,0.31973,0.83954,0.98541,1,0.995,0.85462,0.52476,0.30958,0.7906,0.00066736,0.00066736,0.00066736
170,4277.59,0.43335,0.31432,0.83538,0.98969,0.9993,0.995,0.85798,0.5331,0.31578,0.79242,0.00066538,0.00066538,0.00066538
171,4304.19,0.42856,0.31472,0.82716,0.98832,1,0.995,0.84961,0.54386,0.31586,0.79537,0.0006634,0.0006634,0.0006634
172,4331.48,0.429,0.3229,0.83735,0.9841,0.99489,0.995,0.86123,0.54711,0.32397,0.79468,0.00066142,0.00066142,0.00066142
173,4356.28,0.44345,0.3119,0.83729,0.98275,0.98764,0.995,0.85086,0.56596,0.32966,0.79635,0.00065944,0.00065944,0.00065944
174,4382.47,0.44604,0.3262,0.83108,0.98524,0.98909,0.995,0.83671,0.60324,0.33701,0.81196,0.00065746,0.00065746,0.00065746
175,4407.77,0.44793,0.31952,0.84251,0.98641,0.98892,0.995,0.83835,0.59546,0.33729,0.80998,0.00065548,0.00065548,0.00065548
176,4433.09,0.45615,0.3309,0.83229,0.9797,0.99445,0.995,0.84015,0.59143,0.33454,0.80632,0.0006535,0.0006535,0.0006535
177,4457.99,0.469,0.33468,0.84904,0.98071,0.99759,0.995,0.8432,0.58163,0.32741,0.80528,0.00065152,0.00065152,0.00065152
178,4483.8,0.43452,0.31987,0.83149,0.97563,1,0.995,0.84666,0.55282,0.31498,0.7995,0.00064954,0.00064954,0.00064954
179,4508.07,0.42842,0.31153,0.82708,0.97993,1,0.995,0.84673,0.54262,0.31008,0.79729,0.00064756,0.00064756,0.00064756
180,4533.69,0.43936,0.31101,0.83457,0.9863,0.99759,0.995,0.86746,0.52369,0.31034,0.79214,0.00064558,0.00064558,0.00064558
181,4561.04,0.44304,0.32207,0.82965,0.98392,0.98818,0.995,0.86505,0.53565,0.31823,0.79379,0.0006436,0.0006436,0.0006436
182,4586.75,0.4457,0.32241,0.84049,0.97262,0.99054,0.995,0.84446,0.54947,0.3242,0.79852,0.00064162,0.00064162,0.00064162
183,4612.99,0.45094,0.3167,0.84481,0.96894,0.99194,0.995,0.84428,0.55515,0.33025,0.79873,0.00063964,0.00063964,0.00063964
184,4638.63,0.42695,0.31082,0.84056,0.97261,0.9959,0.995,0.86306,0.54094,0.31735,0.79429,0.00063766,0.00063766,0.00063766
185,4665.54,0.42857,0.30743,0.83486,0.97706,0.99668,0.995,0.86972,0.53486,0.30395,0.79263,0.00063568,0.00063568,0.00063568
186,4691.57,0.43347,0.31301,0.82781,0.98716,0.99767,0.995,0.85944,0.52946,0.29521,0.79253,0.0006337,0.0006337,0.0006337
187,4717.77,0.42972,0.31138,0.84621,0.98886,1,0.995,0.85359,0.52835,0.30399,0.79209,0.00063172,0.00063172,0.00063172
188,4743.82,0.43881,0.3178,0.83887,0.98224,1,0.995,0.85135,0.52245,0.3204,0.78564,0.00062974,0.00062974,0.00062974
189,4770.38,0.40984,0.30279,0.82144,0.9787,1,0.995,0.84801,0.51934,0.32388,0.78443,0.00062776,0.00062776,0.00062776
190,4796.58,0.44382,0.31555,0.83734,0.97421,1,0.995,0.86483,0.51016,0.31275,0.78489,0.00062578,0.00062578,0.00062578
191,4822.25,0.44635,0.31277,0.83633,0.97595,0.99657,0.995,0.8688,0.49644,0.31519,0.78407,0.0006238,0.0006238,0.0006238
192,4849.54,0.41881,0.30558,0.82404,0.97944,0.99605,0.995,0.86587,0.5178,0.31132,0.7882,0.00062182,0.00062182,0.00062182
193,4875.77,0.44078,0.31561,0.82833,0.98216,0.99773,0.995,0.85728,0.52244,0.3046,0.78973,0.00061984,0.00061984,0.00061984
194,4905.77,0.42461,0.30324,0.83887,0.98466,1,0.995,0.85306,0.54141,0.30665,0.79512,0.00061786,0.00061786,0.00061786
195,4932.07,0.44317,0.31494,0.84045,0.98327,1,0.995,0.85388,0.54059,0.30182,0.79276,0.00061588,0.00061588,0.00061588
196,4957.63,0.41125,0.29742,0.82465,0.98005,0.99457,0.995,0.85494,0.55968,0.30078,0.79362,0.0006139,0.0006139,0.0006139
197,4984.1,0.41842,0.29454,0.82866,0.9814,0.98072,0.995,0.84319,0.56003,0.31239,0.79475,0.00061192,0.00061192,0.00061192
198,5009.65,0.45835,0.30907,0.84726,0.97605,0.99439,0.995,0.83931,0.55698,0.3225,0.79444,0.00060994,0.00060994,0.00060994
199,5036.14,0.41353,0.29188,0.82596,0.98345,0.99592,0.995,0.84501,0.54588,0.3151,0.79029,0.00060796,0.00060796,0.00060796
200,5061.99,0.41524,0.29322,0.82292,0.98882,1,0.995,0.85336,0.54396,0.31607,0.78776,0.00060598,0.00060598,0.00060598
201,5087.59,0.41281,0.29587,0.82699,0.99019,1,0.995,0.85492,0.52886,0.30953,0.78818,0.000604,0.000604,0.000604
202,5113.59,0.41603,0.29295,0.81738,0.98609,1,0.995,0.84807,0.53805,0.3117,0.79108,0.00060202,0.00060202,0.00060202
203,5138.09,0.41788,0.30386,0.82578,0.9838,0.99703,0.995,0.85475,0.53975,0.31193,0.79139,0.00060004,0.00060004,0.00060004
204,5162.32,0.42376,0.31026,0.83747,0.98551,1,0.995,0.84554,0.54452,0.31092,0.79356,0.00059806,0.00059806,0.00059806
205,5188.04,0.42363,0.29843,0.83609,0.98581,1,0.995,0.84471,0.54982,0.31217,0.79532,0.00059608,0.00059608,0.00059608
206,5215.11,0.41316,0.29287,0.82392,0.98587,0.99689,0.995,0.84513,0.53504,0.30713,0.7917,0.0005941,0.0005941,0.0005941
207,5240.46,0.40777,0.29942,0.83654,0.98318,0.99674,0.995,0.83642,0.53447,0.30104,0.79091,0.00059212,0.00059212,0.00059212
208,5265.46,0.41553,0.2922,0.83878,0.98383,1,0.995,0.84732,0.52081,0.30331,0.78966,0.00059014,0.00059014,0.00059014
209,5291.09,0.41147,0.3027,0.83324,0.98574,1,0.995,0.85406,0.52361,0.29197,0.78952,0.00058816,0.00058816,0.00058816
210,5317.47,0.41725,0.29772,0.83852,0.98646,1,0.995,0.85518,0.53091,0.30398,0.78999,0.00058618,0.00058618,0.00058618
211,5342.84,0.41981,0.29447,0.8214,0.9881,1,0.995,0.84755,0.53354,0.30979,0.79107,0.0005842,0.0005842,0.0005842
212,5369.16,0.42999,0.29616,0.83871,0.98611,1,0.995,0.85505,0.53387,0.29947,0.7902,0.00058222,0.00058222,0.00058222
213,5395,0.41834,0.30163,0.83112,0.98208,1,0.995,0.85594,0.54395,0.30302,0.79055,0.00058024,0.00058024,0.00058024
214,5420.96,0.42917,0.30044,0.83497,0.98358,0.99519,0.995,0.84916,0.54514,0.30141,0.78866,0.00057826,0.00057826,0.00057826
215,5446.96,0.40061,0.29015,0.81701,0.98593,0.99617,0.995,0.84859,0.53358,0.29763,0.7878,0.00057628,0.00057628,0.00057628
216,5472.51,0.42491,0.30589,0.83596,0.98315,1,0.995,0.86234,0.51928,0.30317,0.78853,0.0005743,0.0005743,0.0005743
217,5498.2,0.39548,0.28734,0.82836,0.97878,1,0.995,0.86379,0.51153,0.29836,0.7893,0.00057232,0.00057232,0.00057232
218,5523.65,0.41192,0.30026,0.83535,0.9796,0.9965,0.995,0.85926,0.52299,0.30568,0.78931,0.00057034,0.00057034,0.00057034
219,5553.33,0.40915,0.30122,0.80973,0.98404,1,0.995,0.8609,0.51487,0.30056,0.78805,0.00056836,0.00056836,0.00056836
220,5579.57,0.41606,0.29796,0.83082,0.99038,1,0.995,0.85765,0.51965,0.30445,0.79006,0.00056638,0.00056638,0.00056638
221,5605.57,0.4292,0.30683,0.84799,0.99055,1,0.995,0.85104,0.53131,0.30686,0.79069,0.0005644,0.0005644,0.0005644
222,5631.02,0.4129,0.29293,0.8341,0.98845,1,0.995,0.85243,0.54323,0.29971,0.79309,0.00056242,0.00056242,0.00056242
223,5654.78,0.42281,0.29778,0.83492,0.98549,1,0.995,0.84796,0.54583,0.29753,0.79407,0.00056044,0.00056044,0.00056044
224,5678.59,0.40063,0.29046,0.82354,0.99019,1,0.995,0.85472,0.53527,0.30133,0.79475,0.00055846,0.00055846,0.00055846
225,5702.37,0.42235,0.28183,0.82495,0.98684,1,0.995,0.85542,0.53997,0.30202,0.79525,0.00055648,0.00055648,0.00055648
226,5726.36,0.39945,0.28095,0.82221,0.98099,1,0.995,0.84918,0.52464,0.2916,0.79331,0.0005545,0.0005545,0.0005545
227,5750.18,0.40068,0.28313,0.83726,0.98023,1,0.995,0.84903,0.52606,0.29091,0.79013,0.00055252,0.00055252,0.00055252
228,5774.01,0.40059,0.2821,0.81644,0.98498,1,0.995,0.83778,0.56105,0.31026,0.78936,0.00055054,0.00055054,0.00055054
229,5797.75,0.40819,0.29004,0.83116,0.98698,1,0.995,0.85096,0.55397,0.30349,0.78872,0.00054856,0.00054856,0.00054856
230,5821.55,0.43284,0.2931,0.83648,0.99101,1,0.995,0.85616,0.52838,0.29322,0.79035,0.00054658,0.00054658,0.00054658
231,5845.55,0.41618,0.29396,0.82679,0.98905,0.99618,0.995,0.86823,0.51701,0.28612,0.78877,0.0005446,0.0005446,0.0005446
232,5869.52,0.40077,0.28054,0.82394,0.97769,0.99443,0.995,0.85994,0.52361,0.27819,0.78696,0.00054262,0.00054262,0.00054262
233,5893.31,0.41866,0.29997,0.82797,0.97788,0.9941,0.995,0.86443,0.523,0.27977,0.7867,0.00054064,0.00054064,0.00054064
234,5917.34,0.42207,0.30083,0.83392,0.98327,0.99635,0.995,0.86698,0.52035,0.2903,0.78698,0.00053866,0.00053866,0.00053866
235,5941.15,0.40605,0.28748,0.82327,0.98328,0.99995,0.995,0.86563,0.5194,0.284,0.78727,0.00053668,0.00053668,0.00053668
236,5965.03,0.40629,0.28901,0.82776,0.98334,0.99803,0.995,0.85487,0.53262,0.29041,0.78952,0.0005347,0.0005347,0.0005347
237,5988.78,0.4116,0.28096,0.82524,0.98405,0.99995,0.995,0.84708,0.5267,0.29059,0.78823,0.00053272,0.00053272,0.00053272
238,6012.62,0.40641,0.28059,0.81749,0.98223,0.99304,0.995,0.85282,0.52367,0.28712,0.79065,0.00053074,0.00053074,0.00053074
239,6036.37,0.39542,0.27212,0.82719,0.98405,0.98703,0.995,0.85279,0.52094,0.28515,0.79057,0.00052876,0.00052876,0.00052876
240,6060.18,0.39322,0.27216,0.81721,0.98342,0.98736,0.995,0.85061,0.52472,0.27973,0.78868,0.00052678,0.00052678,0.00052678
241,6083.89,0.39482,0.27694,0.82485,0.98711,0.98882,0.995,0.87025,0.50941,0.27871,0.7867,0.0005248,0.0005248,0.0005248
242,6107.83,0.39934,0.28847,0.81959,0.98764,0.99927,0.995,0.86502,0.50683,0.28853,0.7879,0.00052282,0.00052282,0.00052282
243,6131.66,0.41073,0.27952,0.83789,0.98619,1,0.995,0.8552,0.51554,0.28521,0.79002,0.00052084,0.00052084,0.00052084
244,6155.51,0.39894,0.2789,0.83751,0.9856,1,0.995,0.86025,0.52563,0.29217,0.79028,0.00051886,0.00051886,0.00051886
245,6179.31,0.41047,0.28061,0.83092,0.98527,1,0.995,0.86478,0.523,0.28812,0.78958,0.00051688,0.00051688,0.00051688
246,6203.13,0.3996,0.27986,0.81086,0.98463,0.99523,0.995,0.85066,0.5229,0.28115,0.79307,0.0005149,0.0005149,0.0005149
247,6226.95,0.40078,0.27497,0.83304,0.98613,0.99245,0.995,0.84104,0.52492,0.28238,0.79379,0.00051292,0.00051292,0.00051292
248,6251.02,0.39547,0.27924,0.82921,0.98838,0.98916,0.995,0.84367,0.52596,0.28839,0.79249,0.00051094,0.00051094,0.00051094
249,6274.87,0.39279,0.2706,0.8065,0.98765,0.99263,0.995,0.85515,0.5273,0.28682,0.79188,0.00050896,0.00050896,0.00050896
